Variable,Target
-8.790000000000026,-0.025645518192382075
-4.590000000000115,-0.08280905655289672
-4.4900000000001175,-0.22136687291808665
4.689999999999687,-0.22331188814731665
7.409999999999627,-0.03621097801626291
5.439999999999671,-0.060553122323040914
5.1299999999996775,-0.05815237039109401
0.179999999999783,0.8739895948540363
-1.5200000000001808,0.5770347189769489
9.519999999999584,0.031185728791650533
-9.650000000000007,-0.07769748875019797
1.869999999999747,0.5314366865535235
-8.900000000000023,0.12104535803331767
-4.060000000000127,-0.2798784504667672
6.4299999999996515,0.06665033869657583
-5.440000000000097,-0.1709798639193275
-8.520000000000032,-0.1114537781608345
8.609999999999602,0.01334082955829237
-6.570000000000073,-0.09591060388717926
-8.260000000000037,0.11974381909999977
-7.600000000000051,0.03132626006813244
0.9699999999997662,0.9148387351930716
-0.8000000000001961,0.7755941366695448
2.19999999999974,0.30947006818342715
-8.030000000000042,0.2509974133302819
-1.410000000000183,0.6576216919426154
-7.65000000000005,0.059871715500222966
-8.890000000000024,-0.00572817322357802
1.6699999999997512,0.5624004187905057
-6.790000000000068,0.024250518032820932
-3.44000000000014,-0.11438000570913218
-5.570000000000094,-0.0797913794264967
-4.900000000000109,-0.21775966666305407
4.649999999999688,-0.1441623715347149
-4.1600000000001245,-0.19615149594601167
0.7599999999997706,0.9697459339276292
7.779999999999621,0.06169142637138375
-8.990000000000022,0.14570089707109785
-5.030000000000106,-0.14678080190442147
0.04999999999978577,0.9976050009580649
2.6899999999997295,0.12635917010211117
-1.460000000000182,0.6424034105696583
-5.980000000000086,-0.028600542454158755
4.159999999999698,-0.21847941610012123
-0.08000000000021146,0.9819710317546745
-1.2100000000001874,0.8756920177284815
-7.500000000000053,0.17813594696421226
-2.2400000000001654,0.3524269748504066
-1.6100000000001788,0.5568652131749491
9.879999999999576,-0.08730227778391403
8.699999999999601,0.2075232489015747
-6.340000000000078,-0.017344673140536587
-8.970000000000022,0.13446219629737874
-3.9600000000001288,-0.10018062899365868
-0.40000000000020464,1.117765953262796
-5.910000000000087,-0.038135529993074485
6.699999999999644,0.15877394791843027
-1.9100000000001724,0.45572086908407633
2.809999999999727,0.17052926280004654
-7.310000000000057,-0.031413445031131595
-7.750000000000048,0.13379794768975167
5.719999999999665,0.007148107093221875
9.30999999999959,-0.04152080601813797
-4.170000000000124,-0.20644716444664704
6.759999999999643,0.008257568737429125
1.679999999999751,0.6031954425151428
4.889999999999683,-0.12781781047970384
5.099999999999678,-0.42172329979822026
6.229999999999656,-0.016439074022078674
-7.67000000000005,0.1475379155358264
-2.6200000000001573,0.37657346183296625
2.8399999999997263,0.1318356084819869
-4.4400000000001185,-0.24158958664087782
-0.1300000000002104,0.9471139442195519
6.139999999999656,0.08869962711403565
-1.0500000000001908,0.8728937910517472
-4.36000000000012,-0.23350702347727945
0.1899999999997828,1.036816482281471
-4.750000000000112,-0.14810600374192207
-8.310000000000036,0.1025416189351156
9.159999999999592,0.08388572798716112
-3.2800000000001432,0.10330012134885658
5.649999999999666,-0.046859365074556104
-6.120000000000083,-0.02568822420770963
5.989999999999659,-0.050125528927458876
7.0999999999996355,0.025986183220790854
3.179999999999719,-0.072870206158291
-8.080000000000041,0.12301097927246427
8.6899999999996,0.05890140035923344
-2.02000000000017,0.5110660632167418
6.919999999999639,-0.00851758722713404
0.8299999999997691,0.9102660040409314
2.379999999999736,0.2704185047479208
3.1699999999997193,0.037916764663455296
-3.4600000000001394,-0.01278116485682966
4.509999999999691,-0.17277981491048894
-4.230000000000123,-0.29744429010733414
-2.820000000000153,0.18126938881682278
-7.130000000000061,0.01859684823399886
0.6199999999997736,0.903790082645814
8.719999999999601,0.1319243108197466
1.8799999999997468,0.5511990710969351
8.549999999999606,0.09818796814665692
1.119999999999763,0.7386523139174686
5.159999999999677,-0.13576874790278554
1.0399999999997647,0.888956283687599
7.039999999999637,0.04929858291305005
8.27999999999961,0.10159548153751188
0.28999999999978066,0.9531642135492744
2.019999999999744,0.34936007300422056
-3.770000000000133,-0.15016743397361465
-0.16000000000020975,1.184405963054107
-4.310000000000121,-0.21848754191143893
2.249999999999739,0.35637649443887676
-6.990000000000064,0.021365200356373654
9.149999999999594,0.061755178162203696
-7.760000000000048,0.1405171505654025
-6.940000000000065,0.05832725923037844
6.849999999999639,0.13243178266649075
-9.360000000000014,-0.06061954751630696
-2.770000000000154,0.14976865504298986
-5.670000000000092,-0.03720925420049108
8.38999999999961,0.07153955376735485
2.989999999999723,-0.013931893691910058
5.769999999999664,-0.1091349023392426
-2.680000000000156,0.07015614412854553
6.499999999999648,0.0561977489189109
-9.50000000000001,-0.06129865431166839
-6.770000000000069,-0.04307649388239658
7.019999999999637,0.029992255823508895
8.039999999999615,0.139499397885805
-2.1300000000001678,0.3192794593095952
6.939999999999639,0.10059805236782357
-5.8000000000000895,-0.041118437044546714
-7.6800000000000495,0.2140470689969427
6.659999999999645,0.08606665616227127
-4.250000000000123,-0.18163801007032546
-7.790000000000047,0.08062939397727731
-0.5100000000002023,0.9847518348127052
7.81999999999962,0.11526299014808845
5.829999999999663,-0.1635736503422653
7.889999999999617,0.1876119420917351
9.599999999999582,0.045845458041815036
-1.1700000000001882,0.9172708503738956
-9.98,-0.03823651727533078
-0.07000000000021167,0.9925292572512121
8.599999999999604,0.12642262696948833
-9.150000000000018,-0.06556264159279931
-2.780000000000154,0.07722227919729881
2.7799999999997276,0.09101437054472639
8.469999999999608,0.005664044793003406
-4.040000000000127,-0.16197752175388724
8.379999999999608,0.14439547911855485
8.579999999999604,0.08185709450235581
-5.280000000000101,-0.09599303309000023
6.089999999999655,-0.029166005257090576
-7.040000000000063,0.09443728347914312
0.11999999999978428,1.0101111164942356
0.5499999999997751,0.9193645182004402
7.2399999999996325,0.14982156412189412
-0.9300000000001933,0.8985053024045768
-8.670000000000028,0.06803954316035267
-7.390000000000056,0.2509477282214351
5.639999999999667,-0.04171567922948963
-1.0700000000001904,0.7678364944274877
-9.460000000000012,-0.10013947274036242
8.709999999999603,0.157604813103717
-0.7400000000001974,0.7640320864424784
-7.930000000000044,0.0495180473623639
-5.110000000000104,-0.15405781457821058
-2.160000000000167,0.42211114597867544
3.079999999999721,0.05871992869116694
-7.150000000000061,0.18922691934527797
-6.5500000000000735,-0.0005209011772697725
-5.76000000000009,-0.17821594691028708
-3.580000000000137,-0.14089005675696883
7.319999999999631,0.13896294937432213
-0.09000000000021124,1.0321165544543822
3.5899999999997103,-0.163238211391816
3.9499999999997026,-0.21817020977190948
-5.750000000000091,-0.02833257553110987
0.12999999999978407,1.0025192317868379
1.819999999999748,0.5280727590827997
-6.020000000000085,-0.031218830285034714
-4.090000000000126,-0.32833058885937877
-7.9100000000000446,-0.015035772099937283
-9.350000000000014,-0.03684192952230216
-4.5800000000001155,-0.24761747445209226
-1.9400000000001718,0.4480445858094543
6.579999999999647,0.10579162669899617
-1.9000000000001727,0.4997559412036327
-5.390000000000098,-0.19642237274203111
1.449999999999756,0.7881473053539476
-7.840000000000046,0.14124966131389854
9.779999999999578,0.1476293006375549
-7.260000000000058,0.2342868035869625
-0.060000000000211884,0.8250637661398971
-0.31000000000020655,0.8830674886153426
-4.430000000000119,-0.2598914588180163
-3.8700000000001307,-0.22746603779074714
-9.890000000000002,-0.12951171195851963
7.059999999999636,0.11827759856509827
-3.8300000000001315,-0.07815352976904123
1.8299999999997478,0.5351802613048047
7.559999999999626,0.12289099875883863
-4.37000000000012,-0.24218044768528824
-1.2200000000001872,0.8164735169063415
6.189999999999657,-0.08061397416103729
-0.0500000000002121,1.0483244631127202
-5.140000000000104,-0.15270319583215777
6.359999999999651,0.05595147613494982
-1.1900000000001878,0.694725404712937
7.329999999999629,0.11796347906274941
7.749999999999623,0.11206466934756436
-9.740000000000006,-0.009512708939748423
4.339999999999694,-0.09389052896825355
8.139999999999613,0.14918578219963163
6.069999999999659,0.09614692704554445
4.719999999999686,-0.15931247407685728
0.929999999999767,0.8020953311971261
-1.7800000000001752,0.6057642635512203
3.4399999999997135,-0.1195333569157343
9.889999999999574,-0.11114003136896748
-9.760000000000005,0.042274112900100996
-2.3700000000001626,0.415175642468276
-7.100000000000062,0.08551678121210451
9.549999999999585,-0.0899219794610951
-4.290000000000122,-0.15834969013414307
-6.510000000000074,0.12472769846877813
9.67999999999958,-0.0016009792379162342
6.909999999999641,0.07284179384731371
-2.97000000000015,0.09110191668631157
-4.480000000000118,-0.2987667372102656
-2.830000000000153,0.11683218179674429
-3.940000000000129,-0.3472856360827788
7.349999999999632,-0.003539307404753528
3.8999999999997037,-0.17174830601411967
-3.660000000000135,-0.19710330480019875
7.069999999999638,0.11955145095053832
1.5599999999997536,0.6473140370289873
-9.930000000000001,-0.004074937336116989
-1.2600000000001863,0.7301207456308817
8.069999999999617,0.10274858859430303
8.639999999999603,0.026028978756107275
-7.060000000000063,0.07338787092153846
6.099999999999657,-0.1303608520659101
9.849999999999575,-0.03482678214065424
-3.100000000000147,-0.03853919640967464
-7.0200000000000635,0.18984494055057033
-6.200000000000081,0.005549091832782519
5.749999999999664,0.0070413457261055
-6.23000000000008,-0.03348692629702847
-4.270000000000122,-0.20401716045994348
5.679999999999666,-0.10145949283839208
-4.600000000000115,-0.15202731846689013
-9.07000000000002,-0.02931547269017394
-1.8700000000001733,0.4130311086213169
4.819999999999684,-0.24990973676448458
3.749999999999707,-0.07649342027949371
8.489999999999604,0.00018867970914296373
-7.950000000000044,0.18285597162703118
1.3899999999997572,0.8142906967894258
4.0599999999997,-0.16278812184174574
8.619999999999603,-0.019662843813218686
-0.6300000000001997,0.9184763947191543
-8.860000000000024,0.13344657363228968
-6.330000000000078,0.01928992782026477
-7.080000000000062,0.04670734947869866
2.859999999999726,0.09823479367022388
-3.9200000000001296,-0.20474654294263592
-9.96,-0.03204120660126225
9.179999999999591,0.0865774709891998
-1.2400000000001867,0.7132517076204006
7.709999999999624,0.040385793166380565
-8.550000000000031,0.20968602234885741
-7.880000000000045,0.09207277024902755
-2.8500000000001524,0.04293794382602947
2.2099999999997397,0.3500345501667175
-0.4100000000002044,1.01382853251001
-5.540000000000095,-0.06835134229395057
-1.3600000000001842,0.808513693988848
-4.86000000000011,-0.198157876782784
-3.710000000000134,-0.1942349233647568
7.669999999999625,0.058131382377046736
2.769999999999728,0.24355761397096823
3.979999999999702,-0.1392976739339203
4.129999999999699,-0.16562742351412588
-0.9200000000001936,0.8273405752342922
3.189999999999719,-0.036383284604522115
-6.890000000000066,-0.05563778277348208
8.839999999999598,0.11020398613141963
-8.190000000000039,0.14087746550029273
7.829999999999622,0.21131004445046003
7.489999999999625,0.11311499257986399
-3.6800000000001347,-0.1464757806043135
3.329999999999716,-0.015245677827919163
0.649999999999773,0.9474575455992682
-5.0500000000001055,-0.1266104980770669
4.3299999999996945,-0.2918751038669509
-8.000000000000043,0.14877658070550778
-9.690000000000007,0.01426069279583059
4.769999999999685,-0.2774257056506004
2.299999999999738,0.29134222107705754
6.039999999999658,-0.11194379244037483
1.959999999999745,0.4534515816463757
-8.59000000000003,0.02707329844467972
-0.10000000000021103,1.0605827819242764
-9.730000000000006,-0.12168567854786572
-1.930000000000172,0.5954605398163091
0.8999999999997677,0.8652841920078498
-9.820000000000004,-0.1512149686701226
-0.7000000000001982,0.9365915459495036
4.309999999999695,-0.2087481165825689
8.889999999999596,0.0802789836148502
5.629999999999667,-0.14135769839685186
9.369999999999585,-0.04412471516117707
-3.810000000000132,-0.27662389545033517
-3.3500000000001418,-0.05841978203661383
-2.0500000000001695,0.4305639370705793
2.8199999999997267,0.022192879919539388
-2.540000000000159,0.1727381512959284
2.2799999999997382,0.3780802471460174
7.159999999999634,0.07194375178556373
-0.9400000000001931,0.8354302274290322
-9.450000000000012,0.08050177650684906
5.239999999999675,-0.02673695349563543
4.879999999999683,-0.11571215948384198
-3.390000000000141,-0.055012020381129546
-9.600000000000009,-0.05674299038082367
9.379999999999587,0.06395260700379307
3.7299999999997073,-0.12346418671781301
-4.210000000000123,-0.20831287255252626
0.7699999999997704,0.9838588811886685
7.599999999999625,0.09598927666183704
4.679999999999687,-0.27256033117662626
5.259999999999675,-0.24330510335634348
-0.5900000000002006,0.9692639991387493
5.529999999999669,-0.03482411265913969
-4.460000000000118,-0.2186485648629067
-1.4700000000001818,0.5876573639322357
-3.0700000000001477,0.057048726570977495
4.54999999999969,-0.03284631204902977
9.469999999999587,0.0416057695383112
1.9699999999997448,0.5616706246205758
0.30999999999978023,0.8807537412797569
0.6599999999997728,0.9627587816989401
2.18999999999974,0.3598631956489508
6.859999999999641,0.10603597238462135
-2.2900000000001643,0.24519944080070238
-9.08000000000002,0.12238723643557509
-7.610000000000051,0.13486400180144564
-8.170000000000039,0.16589239519572835
-1.5700000000001797,0.5815953594284409
-4.130000000000125,-0.20558649768336715
1.4799999999997553,0.637647372241469
-7.0700000000000625,0.060611398101677455
-4.35000000000012,-0.26346665516502976
-1.650000000000178,0.687605850272515
5.6899999999996655,-0.1615265353822969
-9.160000000000018,0.09376497086866999
2.3199999999997374,0.3062389814078481
-7.980000000000043,0.06069088321208385
2.009999999999744,0.39990038969696595
-3.4200000000001403,-0.10640996799950134
3.2499999999997176,-0.03695062146630122
3.219999999999718,-0.05704603841967531
1.0899999999997636,0.9371679744635344
7.939999999999618,-0.02460902243170318
-4.030000000000127,-0.23045833710489838
-7.7700000000000475,0.09565499699087052
-2.2800000000001646,0.41788906914179696
-9.220000000000017,-0.036266899989371944
2.849999999999726,0.12064237053687246
-5.2900000000001,-0.16417376476194878
-1.4500000000001823,0.7009127747342941
-6.040000000000084,0.019883112401401143
8.8299999999996,0.05571866303185492
8.899999999999597,-0.018468377145473162
6.709999999999646,0.07450851289907987
8.119999999999614,0.030985802737412388
-5.490000000000096,-0.22804035906263365
-9.290000000000015,0.005289995122070441
7.219999999999633,0.1681658767769761
-9.330000000000014,0.044309544310301055
-7.450000000000054,0.12278627821793837
5.539999999999669,-0.005760596440611762
4.299999999999695,-0.2060149020676343
-3.760000000000133,-0.03647706213385682
0.78999999999977,0.8890157749868813
-0.8600000000001948,0.8656814494396631
0.42999999999977767,0.882254887839381
-5.060000000000105,-0.11538732776972256
-0.710000000000198,1.0010866535926939
4.149999999999698,-0.1453043923324769
2.8699999999997257,0.01058976118204881
-8.460000000000033,-0.05840219381995415
3.989999999999702,-0.13462495843014238
-1.7300000000001763,0.5416101064865696
2.3599999999997365,0.2707061176983499
7.459999999999628,0.12359923841706838
-0.14000000000021018,1.0891195254909956
3.2999999999997165,-0.022046905224515148
-4.520000000000117,-0.18365572066378016
5.7399999999996645,-0.0035931683604726455
-6.950000000000065,0.02301834005718935
-6.400000000000077,-0.08704242592501779
-2.9800000000001496,0.0006969515949965602
-9.660000000000007,0.01937822913806337
4.99999999999968,-0.10384483751053789
1.0599999999997642,0.8464235539490058
-2.1500000000001673,0.509137908040181
3.8099999999997056,-0.2200463893039677
-0.4900000000002027,0.9249813959816872
5.209999999999676,-0.1608205535539243
2.529999999999733,0.12253795859624014
-4.500000000000117,-0.10482679243881617
7.6599999999996236,0.13492953981489614
2.0299999999997436,0.36338850593597555
4.709999999999686,-0.28437799930663565
0.23999999999978172,0.9727369556285961
-8.660000000000029,0.06272684700240609
4.169999999999698,-0.286261917845606
-2.2300000000001656,0.37929267881946593
5.579999999999668,-0.0812528849127096
6.379999999999651,-0.032201423505463005
5.02999999999968,-0.28397449646339956
4.199999999999697,-0.23415851714914648
-5.1900000000001025,-0.12533365581704695
-1.1000000000001897,0.9178434700122551
2.759999999999728,-0.02478223105750274
-0.8800000000001944,0.9413114886310947
8.959999999999596,0.07436463595023018
4.599999999999689,-0.29278172219763554
-2.8100000000001533,0.02107694536041238
1.7999999999997485,0.5011300743097628
-4.050000000000127,-0.2862907145346073
7.579999999999625,0.058825581820256115
-1.6800000000001774,0.5579852183924643
-7.1600000000000605,0.13837484320942656
-8.800000000000026,0.0320804264951534
-3.43000000000014,-0.03454903573632233
-5.680000000000092,-0.017318491057288513
8.589999999999606,0.17727564884925767
-4.280000000000122,-0.12529126333726986
-8.13000000000004,0.19265558504076286
0.1699999999997832,0.9437447626631698
-5.6600000000000925,-0.09555658755572587
-7.360000000000056,0.16378718826896724
-3.4900000000001388,-0.06259182890726127
9.799999999999578,0.0722846247715593
2.709999999999729,0.10503632556207884
-7.340000000000057,0.09446968914386875
-3.4500000000001396,-0.13813964146656615
7.449999999999626,0.05042993217349659
-5.090000000000105,-0.17780849234554444
-2.3400000000001633,0.28835236685239174
-7.720000000000049,0.06062693718556454
-6.590000000000073,0.11600040416356266
4.759999999999685,-0.2208021198255156
4.319999999999695,-0.25940584325962524
2.239999999999739,0.3890735679928495
7.969999999999615,0.24262197099785549
2.1299999999997414,0.35271980770459593
2.9599999999997237,0.11704686229416643
-1.840000000000174,0.5100108868219169
-9.920000000000002,-0.11100162474656108
-6.26000000000008,0.09901626716142384
-8.390000000000034,0.1308731775666818
7.179999999999634,-0.009133482841498453
5.709999999999665,-0.10713155110530853
-5.630000000000093,-0.11997123386693165
-9.470000000000011,-0.06880791743868298
3.5299999999997116,-0.06624736714283688
9.039999999999594,0.06040145893035622
-3.720000000000134,-0.15177635099084255
-1.5800000000001795,0.45372396859371816
7.139999999999635,-0.06899781905547747
6.079999999999657,-0.0032435230692908976
6.8199999999996415,0.17746719636902167
-0.01000000000021295,1.0333814227421136
8.089999999999613,0.1293637476692677
1.7599999999997493,0.6026944207158454
-0.32000000000020634,0.8600075503776344
-6.660000000000071,0.01034598658402585
5.849999999999662,-0.028836370421489003
-10.0,0.0816857925749689
0.6699999999997726,0.9372744629745238
7.899999999999618,0.2003226601740739
-7.890000000000045,0.1666754062088669
-1.880000000000173,0.4583343131684917
-8.200000000000038,0.15606611342958276
4.55999999999969,-0.3342542505305061
5.509999999999669,-0.27464607547799724
0.5799999999997745,0.9528781577117098
3.929999999999703,-0.28069619122989553
1.919999999999746,0.6036873247076181
3.559999999999711,-0.19025899054997802
8.669999999999604,0.08128446297813155
0.9499999999997666,0.754175337220689
-8.340000000000035,0.07466798275712393
-3.91000000000013,-0.08893691750801433
-2.5200000000001594,0.2820750564656409
6.459999999999649,0.08256954942244331
9.559999999999583,-0.033368345006109565
3.549999999999711,-0.18090261576436711
2.049999999999743,0.43516690930130675
3.12999999999972,0.04092497692447692
4.729999999999686,-0.16941700562973136
0.9099999999997674,0.8522677669110591
6.119999999999656,-0.024905989975398692
-4.540000000000116,-0.294837059311079
-4.730000000000112,-0.14606873638152115
-2.4200000000001616,0.2737773992864335
3.5699999999997107,-0.19773891285404338
9.339999999999588,-0.01015041154576396
7.479999999999627,0.1493620360082144
7.279999999999632,0.08612525192914196
-5.120000000000104,-0.1439210368367215
-7.9600000000000435,0.1983094785396562
-3.950000000000129,-0.3401760257702663
2.8799999999997254,0.12121460311692614
1.349999999999758,0.8130575199630454
-0.6000000000002004,0.8753446182286636
-0.18000000000020933,1.0358919959060224
9.959999999999575,-0.10087246949496052
1.1299999999997627,0.899953107829735
5.729999999999665,-0.1471353189678142
-4.240000000000123,-0.2575337534487718
-3.380000000000141,0.01247275183493661
-8.10000000000004,0.25717102730133506
-7.240000000000059,0.1714534772548378
-2.590000000000158,0.07443829806309851
-7.8200000000000465,0.07938851136572336
2.159999999999741,0.3745819118210776
-6.070000000000084,-0.037823988770063766
-8.410000000000034,0.18659377317304446
9.859999999999577,0.008139881138752532
2.6999999999997293,0.08295520596301664
-5.640000000000093,-0.01628517495368327
-9.720000000000006,0.00026302581279554274
-2.5300000000001592,0.3172979720779461
-0.020000000000212736,0.9910989598068746
-9.340000000000014,0.046406467547837775
7.42999999999963,0.09058381019741232
7.269999999999634,0.08885987018280787
-3.480000000000139,-0.24545923193916788
-3.9300000000001294,-0.1756833356291224
-6.470000000000075,0.11381259453732388
4.009999999999701,-0.16056223745569703
6.1599999999996555,-0.03356906533949282
6.519999999999648,0.039847670926838066
-9.170000000000018,-0.06598522444689572
7.649999999999622,0.16210372482649799
6.629999999999647,0.029792097316313253
6.98999999999964,0.09833224417517797
1.2499999999997602,0.8391884091961022
4.829999999999684,-0.25563279417317875
8.519999999999605,0.0793055182450303
6.80999999999964,0.04518960086019273
-9.05000000000002,0.0631607208522518
9.009999999999593,-0.11192542528366606
-3.3600000000001415,-0.05381736593284441
-6.150000000000082,0.04259107147735363
2.5599999999997323,0.07305921325253137
1.5699999999997534,0.619669612024698
-6.870000000000067,0.1690390947732341
9.029999999999596,-0.04336354114039762
5.299999999999674,-0.20578641011557566
-2.7100000000001554,0.09288388446245974
6.1499999999996575,-0.02232606660193843
-7.330000000000057,0.057813526020476264
1.5999999999997527,0.621138913251803
3.6199999999997097,-0.1298818128247067
1.4299999999997564,0.6370417525799965
-5.970000000000086,-0.08832083827094805
-1.6900000000001771,0.5122316602220301
-0.5500000000002014,0.9191290547439
8.149999999999615,0.06499256339657275
-3.0400000000001484,0.10948722520947286
1.159999999999762,0.7367115783660799
-9.370000000000013,-0.016209487986720925
3.359999999999715,0.03009081861001016
-8.710000000000027,0.1210185456864954
1.309999999999759,0.7037986157892153
-3.2700000000001435,-0.00899781204015945
-2.6100000000001575,0.18510602942665838
0.9999999999997655,0.6170447707475872
1.4399999999997561,0.6202680279975482
-0.4400000000002038,1.0874031661303056
-3.620000000000136,-0.2205168812558811
-1.740000000000176,0.4522239515783989
-3.9800000000001283,-0.17354214183431133
8.049999999999613,0.1853474291692194
-3.5400000000001377,-0.22285052493916974
-3.3200000000001424,-0.0696773398501696
-4.7200000000001125,-0.23511392045482193
3.509999999999712,-0.07201613121816802
0.5699999999997747,0.8463618284465383
-4.760000000000112,-0.18915603432080072
6.50999999999965,0.04085045833398336
0.20999999999978236,0.976176676784229
1.539999999999754,0.727133890410828
-4.700000000000113,-0.14502478100016142
7.72999999999962,0.10446040934344072
-6.960000000000065,0.12961402289015572
-0.6100000000002002,0.9700109305628877
-2.1800000000001667,0.2962529007138013
-6.370000000000077,0.07882818387604315
7.389999999999631,0.26228079239433977
-0.5600000000002012,0.7654267313061728
-2.5600000000001586,0.2507117091665547
-7.2100000000000595,0.025808711459768374
-2.50000000000016,0.2777152748541865
-8.360000000000035,0.18436541072810606
-9.780000000000005,0.12515812522032468
3.269999999999717,-0.12132877472022964
-1.790000000000175,0.5213626877965468
3.659999999999709,-0.19282368754217033
-5.160000000000103,-0.09363985654160954
6.89999999999964,0.09254680130087009
0.27999999999978087,0.8774827694020909
8.529999999999603,0.1508790694308293
-2.7400000000001548,0.1463872272775504
-5.070000000000105,-0.16645879232255822
4.8499999999996835,-0.2076112503815044
-2.49000000000016,0.30296338392668765
0.43999999999977746,0.8761986029154509
-5.360000000000099,-0.10110371232321708
9.059999999999594,-0.011073118243599259
-1.8000000000001748,0.5205571895647777
2.6499999999997303,0.23473439045353026
4.489999999999691,-0.193015190062486
5.179999999999676,-0.1720103434757575
4.0899999999997,-0.18621882361582157
3.379999999999715,-0.0024927668720186036
5.089999999999678,-0.19317301165398115
-9.09000000000002,0.11802391271077894
-9.800000000000004,0.0745905502253702
-3.570000000000137,-0.13166350162892573
6.549999999999649,0.02029347879891589
-8.14000000000004,0.21317318198327606
4.479999999999691,-0.22316296626024046
2.2699999999997384,0.27709184352192523
-4.880000000000109,-0.21964906829646305
-6.050000000000084,0.026565551786692905
4.269999999999696,-0.26450998573157664
8.409999999999606,0.07568055533284442
9.449999999999584,0.08428138122831808
-1.3300000000001848,0.6561377896112284
2.519999999999733,0.33331475249920717
-1.0600000000001906,0.9008440808048861
-1.180000000000188,0.6482346692426981
9.109999999999594,0.05070741453860567
9.099999999999593,-0.0156319115548604
1.3599999999997578,0.5572564411994091
5.819999999999663,-0.06868586750892033
1.8899999999997465,0.5251965571018241
-7.860000000000046,0.12780293964246078
0.7299999999997713,0.9503316376284342
0.35999999999977916,0.9298748706535837
-0.39000000000020485,0.9738026510123965
7.209999999999631,0.10946104982806883
-9.270000000000016,0.008716891891061186
-3.7000000000001343,-0.13903719345281457
1.0299999999997649,0.8841658083968327
6.779999999999642,0.09187606126166434
-0.11000000000021082,0.9576271978447216
-9.840000000000003,-0.03945318810383125
-2.5100000000001597,0.26200236194667864
7.999999999999616,0.10068478929595501
-1.6700000000001776,0.515909351971896
-3.3100000000001426,-0.2029581282230487
6.6799999999996444,0.0506247916959374
-8.950000000000022,0.05192401709417404
3.0199999999997225,-0.01317610814818835
0.22999999999978193,0.9914242838619856
6.109999999999658,-0.06045125070870923
-4.560000000000116,-0.1632466663938777
-8.180000000000039,0.15975598670208555
7.569999999999624,0.1298025512244496
-9.140000000000018,0.050788283032886856
0.7499999999997708,0.9295536703525317
9.949999999999577,-0.018403218893263046
8.479999999999606,0.08601945183087338
-1.7500000000001759,0.5936322232907648
-6.690000000000071,0.04741159069441424
-8.16000000000004,0.21148624833407598
9.409999999999584,-0.07059350436564803
4.369999999999694,-0.2947297991906571
2.479999999999734,0.32121017611516334
-7.850000000000046,0.14586532384613723
3.049999999999722,-0.030099143006274674
3.879999999999704,-0.2630682782238948
-8.350000000000035,0.0959406598151062
0.8199999999997694,0.880470398249645
-0.22000000000020847,1.0213238585755449
6.239999999999654,-0.036081749767131
-3.6500000000001354,-0.048383006130895065
7.759999999999621,0.26166927092793524
-0.8700000000001946,0.7718521364098703
-4.470000000000118,-0.20337807106826924
-9.97,-0.002232244633821018
-7.690000000000049,0.14197670088937453
-5.250000000000101,-0.1211455638260423
-8.810000000000025,0.08353238729633754
5.399999999999672,-0.20533455899716102
-5.690000000000092,-0.023320939830593412
-3.990000000000128,-0.17308489398073118
4.259999999999696,-0.18815504625058196
-9.940000000000001,-0.08163398289694551
8.269999999999612,0.07580668457085411
-7.64000000000005,0.22581128960282443
-8.380000000000035,0.06495466671034261
-2.860000000000152,0.09053742518535193
8.999999999999595,-0.023773696343000826
7.799999999999621,0.2556212555318415
-4.410000000000119,-0.2966029260046604
-0.5800000000002008,0.9631341302184713
-9.130000000000019,-0.10448133731564715
-3.190000000000145,-0.005811435055737231
-2.730000000000155,0.2217182386395153
7.5299999999996245,0.03833763484659963
6.049999999999656,-0.05097875138612973
-2.720000000000155,0.11788122877642368
-0.6700000000001989,0.9120646567267887
1.4099999999997568,0.6614873726310435
4.899999999999682,-0.2681574567438116
6.43999999999965,-0.08472957826642274
3.0099999999997227,0.07051644144471128
8.429999999999609,0.25478400868665774
-7.570000000000052,0.02406096744865134
1.489999999999755,0.7365796249555011
6.009999999999657,0.022258332237930098
7.079999999999636,-0.03984425327604729
-9.410000000000013,-0.061799379382439464
2.7899999999997274,0.19337949088702602
6.249999999999652,-0.01886192212810406
-1.9900000000001707,0.4688722456095446
5.369999999999672,-0.18907483207278625
9.69999999999958,0.16436675949777696
-2.080000000000169,0.488228270745099
2.0399999999997434,0.3656820161802766
6.2999999999996525,-0.005487508218948388
4.499999999999691,-0.23274307903467117
-5.270000000000101,-0.08263489183514464
-4.550000000000116,-0.24330477921117974
-0.760000000000197,0.8796897958530845
3.4299999999997137,-0.08140151785744192
9.619999999999582,-0.17689353487767528
0.6999999999997719,0.9665425664314272
-2.3800000000001624,0.40169650573260685
-5.620000000000093,-0.22931346779789452
2.0699999999997427,0.4163360578235766
-9.010000000000021,0.020226532322166455
-0.9500000000001929,0.9387776550270795
6.199999999999655,0.11054192429893797
-2.8800000000001518,0.01675010801413815
-2.6000000000001577,0.16135302882186642
7.809999999999619,0.15051538840976975
1.4199999999997566,0.7001138779284319
9.74999999999958,0.011123428501903808
1.9299999999997457,0.4828965082281157
-3.2200000000001445,-0.03741175242140599
-2.7900000000001537,0.1618662892124655
-3.90000000000013,-0.1212900846237452
8.789999999999601,0.15632340522153626
-9.590000000000009,-0.08540579529311632
-3.630000000000136,-0.08770439261216019
-2.550000000000159,0.23565834344325234
-6.390000000000077,0.11038008216078435
-5.510000000000096,-0.13220850658095273
6.839999999999641,-0.0027604454683447383
2.5399999999997327,0.3734204583647982
3.9199999999997033,-0.08507187493536594
0.599999999999774,0.9459793628637432
-4.82000000000011,-0.2888717259727785
-5.740000000000091,-0.14507636800839566
0.21999999999978215,0.966511955309333
-3.240000000000144,-0.0745731870644801
-8.500000000000032,0.039609408576313954
-1.4300000000001827,0.7277556443325118
-9.790000000000004,0.21069768471443
0.9599999999997664,0.7831195236203988
-8.020000000000042,-0.010752329826421186
-4.960000000000107,-0.20451895410916468
8.7399999999996,0.13256292778573658
-9.750000000000005,-0.033015175338286566
-9.430000000000012,0.04186449697986616
5.109999999999678,-0.23058016246433288
-9.320000000000014,-0.009573048636199871
8.8699999999996,0.11070468974108723
9.069999999999595,-0.0330420976663139
-5.580000000000094,-0.23558661031706113
-6.380000000000077,-0.033293255899147355
3.8499999999997048,-0.292361750171501
3.939999999999703,-0.0557497133780378
3.4499999999997133,0.00950514213010141
-1.370000000000184,0.7201838438389928
2.4999999999997335,0.3257371661312294
-8.62000000000003,0.05596586867647629
8.29999999999961,0.14250497515177835
6.599999999999646,0.04494375198590199
-5.79000000000009,-0.08188579749149233
-9.57000000000001,0.07231713847504005
6.289999999999651,0.01346784435199462
3.9599999999997024,-0.200025848985726
3.409999999999714,0.06155778157135222
-5.8500000000000885,-0.15516718306760396
2.429999999999735,0.2052238031816797
8.6499999999996,0.07349452030195174
-9.910000000000002,-0.10583765573851825
2.3699999999997363,0.29010307731498763
-9.630000000000008,0.04428920458872448
9.209999999999589,0.09304092115687942
-0.5200000000002021,0.9695293112391278
7.609999999999623,0.14883087574025725
6.469999999999651,0.07897275621117145
-2.6500000000001567,0.13060728776632782
8.949999999999598,0.043397402652435385
9.279999999999589,0.14602118272421827
-4.3000000000001215,-0.22855726524582318
-6.680000000000071,0.09604502833603829
-1.420000000000183,0.7320278224491518
9.589999999999584,0.0031495542514244496
-7.090000000000062,0.17018318837193205
-8.510000000000032,0.058937658663554104
5.319999999999673,-0.116648981773795
1.2699999999997598,0.7776813495997791
-3.330000000000142,-0.11230952151090834
-4.810000000000111,-0.22411393786184758
8.659999999999602,-0.019127192774822055
7.3799999999996295,0.22207737107104303
2.9299999999997244,-0.05485974565874342
0.8599999999997685,0.8608309057048341
-5.370000000000099,-0.07726993767872939
1.9999999999997442,0.3941617851167428
9.939999999999575,-0.16100410621800465
-7.430000000000055,-5.370590047287793e-05
9.759999999999579,-0.134869320369928
9.929999999999573,-0.06562663931795955
0.9899999999997657,0.823070080557589
-1.0000000000001918,0.788811888971222
-3.020000000000149,0.10936221582061094
3.279999999999717,0.019878216486248372
8.629999999999605,0.07578600500121975
-8.720000000000027,0.08103548292347616
2.4599999999997344,0.17847505238070197
3.829999999999705,-0.08155472265628591
2.1699999999997406,0.37570462631191104
3.3499999999997154,-0.08966752519552085
8.769999999999598,0.15963975456232568
9.869999999999578,0.03012075578499771
-5.010000000000106,-0.24006157937753259
-2.440000000000161,0.3696649711150345
-6.970000000000065,0.2606727068802248
6.559999999999647,0.05091973932331528
-8.040000000000042,0.02991755068528447
-6.930000000000065,0.11062418591980393
8.229999999999613,0.12458563797192973
0.14999999999978364,1.0212512141976535
9.689999999999579,0.04053385472313099
-7.510000000000053,0.17829849240114312
-6.2700000000000795,0.06027380014937075
0.37999999999977874,1.0218863866701875
-2.110000000000168,0.5131438927397332
-8.15000000000004,0.13801987129753
-0.2600000000002076,0.9946504058115178
-1.7100000000001767,0.5486072264320255
8.329999999999607,0.05202212131339852
-4.38000000000012,-0.2799419682523002
0.2499999999997815,0.9683722031960686
2.1199999999997416,0.4544952393259064
0.509999999999776,0.9872760350300073
-8.740000000000027,0.3080278093968622
-3.5000000000001386,-0.03361456393803375
-2.120000000000168,0.4675930981122319
-2.9900000000001494,-0.027096645281025886
7.919999999999618,0.1565441271206184
-7.110000000000062,0.19204732040194733
8.849999999999596,0.09134161929971218
9.529999999999582,-0.0590171560965225
-9.710000000000006,0.005740537178984845
-1.040000000000191,0.9379231286204001
-3.110000000000147,-0.10065303406540253
6.179999999999655,-0.007210876913517721
3.1599999999997195,-0.11055767860677923
0.07999999999978513,1.018020403570395
6.219999999999654,-0.01808570858053605
-5.820000000000089,-0.12060022740130541
6.269999999999655,0.10513822751189801
7.2499999999996305,0.10371697095362245
-8.840000000000025,0.16313667680721444
-6.500000000000075,0.048074266096891645
2.8899999999997252,0.1908645237974341
-9.03000000000002,-0.019666273146826597
4.7999999999996845,-0.21685560513401025
-7.250000000000059,0.09400110149228098
9.479999999999585,0.0034456993101328846
-8.930000000000023,0.0749225205245676
3.7799999999997063,-0.12427865928356241
2.4899999999997338,0.2850883450733124
-9.850000000000003,0.010557566374790134
3.229999999999718,-0.08670638856504495
-4.710000000000113,-0.18276910611965896
5.92999999999966,-0.0510310635477712
-1.1100000000001895,0.7589608943309208
-1.1400000000001889,0.8516141804735694
8.059999999999615,0.23740635041968908
-1.56000000000018,0.5969816099446517
6.489999999999647,-0.0698924936119232
-7.900000000000045,0.23788512256930372
8.909999999999599,0.023539501708791155
-9.700000000000006,-0.005151464321093924
5.5999999999996675,-0.1103960204683224
-6.1300000000000825,-0.022184525846194875
-6.110000000000083,-0.1279107297235919
-9.420000000000012,-0.03358218090263376
7.639999999999624,0.16198259517889652
-7.920000000000044,0.08997689284384343
2.4099999999997355,0.2957520492329121
-0.2800000000002072,1.001337939800782
-7.230000000000059,0.06201716922170685
-6.630000000000072,0.07380377554207894
-4.450000000000118,-0.21089594814356757
5.039999999999679,-0.18090985343649318
-6.580000000000073,-0.079420248471195
6.539999999999647,0.029919979352698425
-3.250000000000144,-0.08219155310048487
8.569999999999602,0.03334463194587525
-6.530000000000074,-0.011877098176340029
9.819999999999578,0.06347200043646135
-8.430000000000033,0.09357419081509195
-1.2900000000001857,0.6947006873999013
9.909999999999577,0.029127982511453224
-2.96000000000015,0.06870892606520972
-5.550000000000095,-0.071197504860511
9.019999999999595,-0.05366282450870668
-5.900000000000087,-0.055686584404432714
-0.5400000000002017,0.9733294944104744
-9.56000000000001,0.05793841210252687
-5.730000000000091,-0.0685421696976102
-7.940000000000044,0.13675705729783008
-3.6400000000001356,-0.1804662863988165
2.8299999999997265,0.1382012697593231
5.309999999999674,-0.19142363955782898
7.419999999999629,0.21791619010558733
8.189999999999614,0.1678800995098189
-3.7400000000001334,-0.12073815022935548
-0.38000000000020506,1.0890698360269664
6.479999999999649,-0.03187760745252075
6.9599999999996385,0.019242578749396985
2.109999999999742,0.34684860385304433
0.5399999999997753,1.0429822882216637
9.579999999999583,-0.13621896991385263
-4.680000000000113,-0.29477616259154993
-0.5000000000002025,0.9528418791589949
-6.670000000000071,0.05340604335619581
-7.700000000000049,0.05491605149864473
4.419999999999693,-0.1634113836958644
-5.720000000000091,-0.07478539058921727
-6.170000000000082,-0.02735337904075543
-1.600000000000179,0.6591350040586356
1.779999999999749,0.6114074220181243
-3.2600000000001437,-0.2545950926972186
-7.560000000000052,0.10155017053731938
-9.55000000000001,0.10715370195551588
-8.320000000000036,0.10985306078557162
1.3199999999997587,0.6778104603073757
4.9899999999996805,-0.19552567331046364
-3.1200000000001467,0.010065897343998776
-2.640000000000157,0.17039603123215954
-1.1500000000001886,0.8500453377574964
2.2299999999997393,0.3165206580974435
8.159999999999613,0.08933676625262926
0.36999999999977895,0.9459478113210008
3.13999999999972,-0.04297867726302117
3.3099999999997163,-0.01792955774678233
0.7099999999997717,0.932665955996337
-2.4600000000001607,0.25117594502957463
-0.030000000000212523,1.155729885576931
5.249999999999675,-0.14133722017175013
-7.970000000000043,0.14209971462158738
-6.24000000000008,0.02491798329666888
-6.090000000000083,0.050776249142031014
5.349999999999673,-0.1612651109895405
-9.110000000000019,0.0974779678792177
-1.5000000000001812,0.6416248738435021
-4.940000000000108,-0.2764510742900328
-4.420000000000119,-0.22202883260294026
-4.190000000000124,-0.23490395196979696
7.719999999999622,0.08632110430878431
-5.410000000000098,-0.1187406472057744
-4.620000000000115,-0.2522132344470914
-1.7200000000001765,0.7141725377564669
-3.340000000000142,-0.03434110739670988
-8.750000000000027,0.15707846945412957
6.41999999999965,-0.027405282192407333
8.419999999999607,0.18225588557516592
3.2899999999997167,-0.12961391766485783
-7.20000000000006,0.15729947910409692
-5.1000000000001044,-0.28083596002185646
7.029999999999639,0.09844380794680804
-4.220000000000123,-0.2912096048482137
-5.470000000000097,-0.10442106105517715
-1.5500000000001801,0.6418364908455026
-7.18000000000006,0.13230671542881908
9.569999999999581,-0.09926408985351998
4.859999999999683,-0.24251582750381367
-6.520000000000074,0.06709584080573365
1.6599999999997515,0.5310920672678494
6.319999999999652,-0.036199569170608056
4.229999999999697,-0.19303202305085662
-2.6600000000001565,0.31744586100899064
2.059999999999743,0.4844073820591116
-5.350000000000099,-0.1920928633972064
5.96999999999966,0.017340529885022007
0.44999999999977724,1.0178197989024385
8.539999999999605,0.0803319494344744
-4.83000000000011,-0.1904668581006445
1.1999999999997613,0.8718890333712183
2.719999999999729,0.2096388413267041
-6.73000000000007,0.11132095014360475
0.0999999999997847,1.0221202056410463
5.909999999999661,-0.14152971817797086
-2.070000000000169,0.553469497022544
-8.730000000000027,0.05861761904780519
-7.4900000000000535,0.2034752604639432
-4.400000000000119,-0.08129876511493508
-3.7500000000001332,-0.2522542833712222
8.289999999999608,0.16832970306548015
7.90999999999962,0.12277943934716722
0.9199999999997672,0.7501594371231262
5.4599999999996705,-0.028273927524802206
6.0199999999996585,-0.13136097020244417
7.629999999999626,0.08709958211989531
-0.25000000000020783,1.0490828999210162
-3.1400000000001462,0.006655919249147904
-6.830000000000068,0.02089865712132214
4.399999999999693,-0.24283720263342187
2.949999999999724,0.07395817245873897
5.859999999999662,-0.0037621835538013126
7.5099999999996285,0.11153457131519934
-8.56000000000003,0.10069778489357649
7.879999999999619,0.1392678180438651
-4.010000000000128,-0.14898389352850583
7.439999999999628,0.16572950864309463
-4.080000000000126,-0.0761911782348769
4.279999999999696,-0.23435446220258613
6.729999999999642,0.05261728489715061
-3.6900000000001345,-0.2172131527070572
7.089999999999634,0.17943196815186577
8.199999999999612,0.14763122815885565
7.399999999999629,0.0954294096177379
-4.340000000000121,-0.22511168048582808
-2.0900000000001686,0.3391577428661892
-8.63000000000003,0.10556205058500966
-6.280000000000079,0.008283693972014559
3.459999999999713,-0.05955338944725858
-1.5300000000001805,0.7017867950237427
8.219999999999612,0.06512123892451427
7.699999999999623,0.15255815107999277
1.4599999999997557,0.5942450079860736
-4.530000000000117,-0.15399355172822027
3.519999999999712,0.06731017587468197
-5.420000000000098,-0.08132427308339135
2.3099999999997376,0.27694357114285806
8.339999999999609,0.06078009186252557
-8.760000000000026,0.16867512202821008
-1.4000000000001833,0.5631431822545695
-5.340000000000099,-0.11366280958350627
0.15999999999978343,0.9123308637947949
4.0499999999997005,-0.2033069497051496
-9.860000000000003,-0.11450257703230143
6.209999999999653,0.07665170606553108
1.6499999999997517,0.5557693710723027
3.8199999999997054,-0.04621356247740813
4.389999999999693,-0.21104178635120185
-6.4600000000000755,-0.025288429800274737
3.699999999999708,-0.26442772370986145
1.5299999999997542,0.5751807489043762
0.5299999999997755,1.0053091140414938
-2.9400000000001505,-0.0036116477064608993
2.749999999999728,0.10809188942753911
1.769999999999749,0.5081535311868367
-3.8200000000001317,-0.08396319047582476
3.9999999999997016,-0.12255046006103316
-0.8400000000001953,0.9786501820380367
0.029999999999786198,0.8757151597819935
1.4699999999997555,0.6546249627459173
-3.670000000000135,-0.11195093147406246
1.6199999999997523,0.6135728065910803
3.6299999999997095,-0.04188510145776042
1.5099999999997546,0.6698958367851177
-1.2000000000001876,0.7207340959153236
-6.010000000000085,0.019320290987890995
9.289999999999587,-0.003931354040138906
-2.0400000000001697,0.39978293745023036
-4.9100000000001085,-0.3521047548467285
3.4799999999997127,0.005366473143888259
-2.0600000000001693,0.3312156326786872
9.509999999999586,-0.03768589722496322
-9.53000000000001,0.0060640866084558775
-4.690000000000113,-0.2852161493587991
8.449999999999605,0.2355275157643517
-2.4700000000001605,0.2678196993231443
9.16999999999959,0.02376909658342479
1.6899999999997508,0.5266480840711696
-8.09000000000004,0.10100423802306102
6.369999999999649,0.13259690826244058
8.399999999999608,0.04895445434454705
4.2399999999996965,-0.1587699295986848
-5.200000000000102,-0.18470290923573413
-9.120000000000019,-0.06492993035504332
4.3799999999996935,-0.18951204410252215
-6.100000000000083,-0.05638519765808935
-5.590000000000094,-0.024445481762387034
6.609999999999644,0.0689617139186063
-0.2100000000002087,1.0007903443717514
-1.5400000000001803,0.6994243713301008
-1.5900000000001793,0.5909221340374057
-3.5500000000001375,-0.14565098679636534
-8.280000000000037,-0.02741092710352995
-9.950000000000001,-0.03279067605692833
-0.7700000000001967,0.876220901506401
5.759999999999664,-0.007683597724907579
-6.420000000000076,0.11777193957575102
0.10999999999978449,0.9738870377421412
2.939999999999724,0.07714437254534663
-5.77000000000009,-0.04757704616461452
-5.930000000000087,-0.17987034353364093
9.64999999999958,-0.07353325377488518
5.93999999999966,-0.026385690618608182
4.6599999999996875,-0.3161902145973174
5.899999999999661,-0.11302986666949225
-7.370000000000056,0.20003414062533093
-0.3600000000002055,1.0250965009247246
-7.830000000000046,0.14513933586768413
-2.410000000000162,0.0657426518791677
-7.530000000000053,0.09337665334608986
-3.7800000000001326,-0.18740738977675947
-5.600000000000094,-0.21429475851678578
-6.800000000000068,0.21353229597303902
7.109999999999637,0.11059548246093685
-9.480000000000011,-0.03256170560620362
4.429999999999692,-0.21460102695468847
2.799999999999727,0.17121465585894113
-6.290000000000079,-0.04613372411116148
4.669999999999687,-0.23094735388859897
9.34999999999959,-0.05498429112400502
-2.7600000000001543,0.15965011357115408
-2.2700000000001648,0.41146978583055954
3.889999999999704,-0.14070207490951
7.149999999999636,0.1841538272645549
-4.39000000000012,-0.14834014480867508
5.609999999999667,-0.06692095540128432
0.31999999999978,1.1511774109852975
3.3899999999997146,-0.09428429467148117
-9.180000000000017,0.0417805779440765
6.889999999999638,0.14633626627045787
-0.46000000000020336,0.9757888204084647
-6.080000000000084,-0.04529748173389678
0.7399999999997711,0.8823300125431431
-2.210000000000166,0.19199385739056238
-9.020000000000021,0.025648659715508927
2.65999999999973,0.07960541355247842
9.25999999999959,0.052000772718105416
9.249999999999588,-0.042417544361419174
-4.260000000000122,-0.15536596563684038
-0.430000000000204,1.1014348549950386
7.849999999999618,0.05267800618639133
-6.560000000000073,-0.02387523822019201
3.5399999999997114,-0.07902291788320817
9.919999999999575,0.06833167394381023
7.679999999999623,-0.12472766152788947
-3.7300000000001337,-0.2295560844085982
8.749999999999602,0.19668899231982034
-5.170000000000103,-0.10462934127382123
-2.170000000000167,0.2959552489948564
-3.4000000000001407,-0.2184518954616878
-1.9500000000001716,0.49184647554868693
2.5499999999997325,0.24342182088754377
8.009999999999614,0.07729342510084952
-0.45000000000020357,1.0339896309997083
1.7399999999997497,0.5108977322383754
3.969999999999702,-0.19414452067420684
6.869999999999642,0.20253194834762042
0.3499999999997794,1.031769022150117
4.109999999999699,-0.15769908361355614
-5.080000000000105,-0.10891349095334271
-4.980000000000107,-0.32955110968139895
9.829999999999579,-0.14085990301629803
1.0799999999997638,0.775392458779972
2.619999999999731,0.10396818688128961
7.959999999999617,0.10275267053300828
6.309999999999654,0.03992366508092048
-7.580000000000052,0.19191235288030667
-5.9900000000000855,-0.07329386311726893
8.499999999999606,0.056191195146232026
2.149999999999741,0.41330750499052504
7.33999999999963,0.2073576392368095
1.3299999999997585,0.6559520580947235
7.469999999999629,0.15666665654830744
3.1999999999997186,-0.17278514197208195
-3.0300000000001486,0.2340610448840767
-1.700000000000177,0.49138331120300893
-1.0800000000001901,0.7970895128166148
-0.9100000000001938,0.9223355994883642
5.49999999999967,-0.08914063083170251
6.829999999999643,0.19342028997850896
5.0799999999996786,-0.24858316542725967
-6.450000000000076,0.09345579600964227
-5.2400000000001015,-0.2523243410221141
-7.590000000000051,0.13482311195664384
1.2399999999997604,0.7265976141525674
0.4999999999997762,1.0219502915926288
-7.010000000000064,0.0503468937506795
4.0799999999997,-0.16097602287052246
9.329999999999586,0.10171961289751144
-1.7700000000001754,0.5593195633931225
-8.420000000000034,0.031670899171537994
7.5199999999996265,0.02863602068994288
-9.280000000000015,0.046213617885672506
2.4199999999997353,0.16184701893726428
-7.050000000000063,0.13568522686325163
-9.99,-0.16469061141739047
6.259999999999653,0.013401850926982371
4.139999999999699,-0.28965913619190387
-8.270000000000037,0.15824481419712516
6.279999999999653,-0.04945725441251716
-0.8200000000001957,1.0271836810144825
2.899999999999725,0.10530233499233743
-2.7000000000001556,0.13429220647637574
3.7199999999997075,0.0032895080520988496
-5.3000000000001,-0.103469914954767
2.5099999999997333,0.1719942806509988
2.389999999999736,0.21153705752230334
-0.8300000000001955,0.8907917319411965
-2.870000000000152,0.02040166607881512
-1.270000000000186,0.5652123715463512
9.499999999999584,-0.0784662316848222
-6.060000000000084,0.027362216496963014
3.5799999999997105,-0.2225186958215305
-3.5600000000001373,-0.11742012569374521
-1.8900000000001729,0.514790901258022
5.589999999999668,-0.11435098809632092
0.7799999999997702,0.9730454033827882
1.9899999999997444,0.39148044779602115
-5.530000000000095,-0.23650349057862774
-7.3000000000000576,0.06982544589538614
8.129999999999612,0.10390799606870718
-2.6700000000001562,0.13052312523872933
-0.6200000000002,0.989691358193942
5.47999999999967,-0.17169850471566783
-5.500000000000096,-0.2908007796229033
5.00999999999968,-0.2264122180225267
-9.260000000000016,-0.028357109690924108
9.729999999999578,-0.07455951476605396
-7.740000000000048,0.2309179233561897
-2.360000000000163,0.31306673028366344
2.7299999999997286,0.08928058038488815
8.809999999999597,0.0207877176296882
-6.70000000000007,0.043099454840570685
-5.040000000000106,-0.17809571727798681
-9.640000000000008,-0.0032916876450700613
5.699999999999665,-0.20967854999517022
-3.1300000000001464,-0.08846205694012124
2.9199999999997246,0.16276459621069636
-7.550000000000052,0.10855757636675503
-9.770000000000005,0.041695389369168084
0.009999999999786624,1.0031100411879683
-3.610000000000136,-0.1770494290321986
8.31999999999961,0.13118666903791826
9.439999999999586,-0.051326323107823583
4.9399999999996815,-0.27925385955875426
8.7599999999996,-0.03351840825058411
-4.650000000000114,-0.23134647521529897
-2.220000000000166,0.32482477813393784
8.359999999999609,0.04633533490969922
-8.400000000000034,0.1904328055325512
-5.180000000000103,-0.23507436798909437
0.3399999999997796,1.0123491226103707
9.419999999999586,0.06923170073789145
-0.850000000000195,0.8744961563896448
-5.480000000000096,-0.19929029782679322
1.5799999999997532,0.7021440146061575
4.609999999999689,-0.18518725307947717
-9.390000000000013,0.2139846406256066
5.4099999999996715,-0.17384911148626447
-2.7500000000001545,0.16567313754181576
2.469999999999734,0.2594268848752075
9.189999999999593,-0.0192584227129031
-1.3500000000001844,0.6669352619567608
3.0699999999997214,0.05569504765800431
1.7499999999997495,0.6332941489064301
-6.25000000000008,0.00469232936236254
7.739999999999622,0.040859224967567984
-1.8100000000001746,0.55816516434141
1.1899999999997615,0.8065683846223937
-5.700000000000092,-0.0982798223845162
9.23999999999959,-0.026813421915085078
5.559999999999668,-0.10729110611866768
-6.760000000000069,0.11459648696184499
7.689999999999621,0.20075087726988577
-2.4300000000001614,0.2712706551449492
-0.5300000000002019,1.0303245261776606
-7.400000000000055,0.16074783329185874
-6.430000000000076,-0.020543495825560237
3.0299999999997222,0.060497477046775675
-6.000000000000085,0.05251095043295249
7.499999999999627,0.2399749677807305
-2.910000000000151,0.03268614207765509
-9.670000000000007,0.011429277319885318
3.8599999999997046,-0.28739416684619923
-2.1900000000001665,0.4097945186790953
-1.1600000000001884,0.8483057083600474
-5.460000000000097,-0.1017149751024147
-9.580000000000009,0.03139057244424316
9.73999999999958,-0.0035477186448638343
0.6799999999997723,0.9133084850418546
1.019999999999765,0.9737113312210668
-2.690000000000156,0.22167722537003673
4.749999999999686,-0.22593593263817452
2.2199999999997395,0.34427126496888455
6.749999999999645,0.10179386023799691
-3.850000000000131,-0.2721799781032307
-6.850000000000067,0.052001579087291194
-6.350000000000078,-0.009499926414237674
-8.530000000000031,0.11449403990308299
6.6899999999996425,0.004002354972203408
3.0599999999997216,0.02380857864754576
-7.710000000000049,0.0698994472642389
-7.66000000000005,0.15209974793874553
9.539999999999583,-0.03337903647449445
-8.700000000000028,0.07608906443041148
-3.8800000000001305,-0.15735368792618357
7.619999999999624,0.1208540056578373
-5.7100000000000914,-0.09224932927905474
-8.920000000000023,0.03688363794898576
1.169999999999762,0.9259842986879165
1.8599999999997472,0.41612669531210045
-8.780000000000026,0.013242179516746652
9.21999999999959,0.05870515982896858
4.639999999999688,-0.14009205464506883
8.859999999999598,0.06789065682890025
-3.4100000000001405,0.004835559433909314
5.5499999999996685,-0.007140231602096314
-2.3300000000001635,0.3514546908545673
3.039999999999722,0.09170260761153576
1.9399999999997455,0.5637032121369414
8.729999999999599,0.15953915288084367
7.539999999999626,0.12692431649856317
9.659999999999581,0.06056092181622319
-9.240000000000016,-0.0017182972782007547
2.0799999999997425,0.42691102853594126
1.2299999999997606,0.7595380233189667
2.439999999999735,0.1981998504003224
-7.320000000000057,0.1737372755795677
-8.060000000000041,0.011504686287663268
-2.8900000000001516,0.1731923901185188
7.789999999999623,0.10232407141891971
-0.8900000000001942,0.907303365135487
0.6399999999997732,0.889835568987733
5.219999999999676,-0.18497060089300515
-1.2500000000001865,0.7813515974022729
-4.990000000000107,-0.24107914535315106
0.05999999999978556,0.9403903306141185
-8.240000000000038,0.11200134399545164
9.639999999999581,-0.06400846731910172
-7.800000000000047,0.006040880311288271
1.0999999999997634,0.8613692292763081
3.0999999999997208,-0.04854429766871151
5.279999999999674,-0.19421561311181837
-5.610000000000094,-0.07253236067058477
-4.6300000000001145,-0.24728332902560302
3.59999999999971,-0.04419451479079445
-1.3000000000001855,0.68809607222519
4.839999999999684,-0.21704317079569033
2.339999999999737,0.11565511304605217
-0.48000000000020293,0.9886255611597106
6.389999999999652,0.08660265876784877
1.2199999999997608,0.7313922084808703
5.779999999999664,-0.2653770553593951
6.1699999999996535,-0.2058217717181785
2.66999999999973,0.17816280549635227
-9.300000000000015,0.0033147053777391328
8.459999999999607,0.08925604744208793
-6.220000000000081,-0.0022269426779794304
-9.880000000000003,-0.09787062455859502
9.12999999999959,-0.04194713867980069
-6.650000000000071,0.1760010662869416
9.899999999999576,-0.0031436053470910927
-4.0200000000001275,-0.3250221718306173
-2.4800000000001603,0.2160780890512509
1.0499999999997645,0.7998192469220992
-7.19000000000006,0.1685241088860648
-6.140000000000082,-0.011339149574829616
4.019999999999701,-0.22286656540950556
5.199999999999676,-0.1933673630245651
-3.5100000000001383,-0.09263226271302771
-6.480000000000075,0.13372656857324747
7.199999999999633,0.1410750453410689
1.2999999999997591,0.8425469136036776
8.029999999999617,0.1909716412236509
-4.100000000000126,-0.21551846974803343
6.979999999999638,0.059199767900734765
6.619999999999646,0.15744289811898793
6.769999999999641,0.012831842391333538
-5.830000000000089,-0.06933083577317894
-2.9000000000001513,0.02169729631088122
0.06999999999978535,0.971182573542452
7.119999999999635,0.04366612403801064
1.629999999999752,0.6377755661908513
-0.290000000000207,1.0371910032601717
8.7999999999996,0.07700410895805855
-0.7800000000001965,0.8441171485437372
8.919999999999597,0.10598221295570667
4.5199999999996905,-0.10396787665334466
-3.530000000000138,-0.12362716251606093
8.019999999999616,0.1300206351155865
-2.400000000000162,0.394074388794179
-2.2000000000001663,0.3944907487442134
1.589999999999753,0.6708326447016101
2.0899999999997423,0.4249172005932853
-8.050000000000042,0.09102701509929376
-5.890000000000088,-0.1241405576473533
-4.920000000000108,-0.22991277603383226
0.8099999999997696,0.9795516868671927
-3.5900000000001366,-0.1379299666532145
-6.310000000000079,-0.06944902711824934
-0.33000000000020613,0.914653753105033
-9.49000000000001,0.029684774702607962
-0.1200000000002106,1.0182615859050448
-4.890000000000109,-0.17985404011234452
5.519999999999669,-0.19122070947493572
9.079999999999593,-0.02165026320204637
4.969999999999681,-0.14735193691574536
-9.04000000000002,0.014651019194983576
-4.320000000000121,-0.1715197992780422
1.3699999999997576,0.6923153051127098
5.94999999999966,-0.10195999816854578
7.169999999999632,0.1146551808294559
9.19999999999959,-0.009113904800980673
-7.440000000000055,0.1659205051966404
1.6399999999997519,0.5933386308775789
1.7199999999997502,0.524006969749768
1.209999999999761,0.8342880075753228
4.249999999999696,-0.22840408234307397
0.6099999999997738,0.8757667944750156
0.2699999999997811,1.0332415706905747
-8.850000000000025,0.1322630427810617
-0.30000000000020677,0.8029312881987208
2.6399999999997306,0.12531309625306328
-7.410000000000055,0.21657313404566925
6.789999999999644,0.08332029428330741
-8.680000000000028,0.0628704106683468
-7.870000000000045,0.11179776794289677
-0.17000000000020954,0.9661437915548492
3.739999999999707,-0.2127606975378607
-6.920000000000066,0.05945746814854701
-8.960000000000022,0.09262423903315378
-3.000000000000149,0.10178184169289346
4.949999999999681,-0.08349484755384956
3.649999999999709,-0.09561175047898385
7.259999999999632,0.10172460212221344
3.469999999999713,-0.0799847108061493
-0.3400000000002059,0.9370716277830722
4.219999999999697,-0.27889421244246715
9.429999999999588,0.0007560086479631056
7.929999999999616,0.1623658059266848
-4.800000000000111,-0.12105305070523055
4.349999999999694,-0.24204697948722967
-2.9500000000001503,0.10761155450769573
1.1099999999997632,0.7645487846230233
4.589999999999689,-0.16137402018887761
-7.420000000000055,0.21235576875019707
9.989999999999576,0.007321261850164032
-1.7600000000001756,0.4932050961967433
6.799999999999642,0.06605897902427778
5.919999999999661,0.012729602384813
-2.300000000000164,0.32558131657656214
-3.1700000000001456,-0.04022173825693847
4.289999999999695,-0.31227526504230385
5.569999999999668,-0.1282982449065779
6.87999999999964,0.1454596324877011
-9.870000000000003,-0.07926419413187585
-1.3400000000001846,0.680250662975146
9.979999999999574,-0.10852686732034811
3.2599999999997173,-0.11681306593147603
-9.900000000000002,-0.03218094362748486
-9.620000000000008,0.018421544733996945
3.319999999999716,-0.011232187295782944
0.8799999999997681,0.9836244261480048
-6.640000000000072,0.14679293617822553
-7.540000000000052,0.19027839507082095
7.189999999999635,0.08201759040615146
9.299999999999589,0.053537583238762676
-4.640000000000114,-0.16544216825464642
6.349999999999653,0.10148410429216546
-3.290000000000143,0.05703135758560645
1.6099999999997525,0.7608779253095943
0.4899999999997764,0.9038965500021647
0.3299999999997798,0.9534763862679264
0.13999999999978385,1.0486492488649668
5.419999999999671,-0.07996217422872327
4.919999999999682,-0.14834666906740968
-9.680000000000007,-0.0054889262893417015
3.839999999999705,-0.11939932649870548
-1.0300000000001912,0.7223156405293396
-3.800000000000132,-0.18675267475982138
-8.540000000000031,0.06703612279047536
-8.370000000000035,0.12129369605702928
-4.660000000000114,-0.23546166448513783
-2.0100000000001703,0.520679354702568
-1.6200000000001786,0.5604896359077085
-3.150000000000146,-0.03425364924070333
0.6899999999997721,1.0076815286159815
-2.8000000000001535,0.12284965617528679
1.0099999999997653,0.8467333536626227
-6.780000000000069,0.09073938602469156
-5.3100000000001,-0.05906347785370543
9.629999999999583,-0.02748382108804755
-5.450000000000097,-0.0976541592216074
-3.9700000000001285,-0.05161278628728444
-8.450000000000033,0.0011673167462094847
-8.910000000000023,0.21450718975712452
6.649999999999643,-0.04185517784962561
-4.85000000000011,-0.09420867370826164
0.4799999999997766,0.9267716699554133
-0.2000000000002089,0.9668424025660785
0.08999999999978492,0.986122257208919
6.449999999999648,-0.0418271564465196
-0.9800000000001923,0.8276929331904473
-3.160000000000146,0.12032288746140912
5.329999999999673,-0.23118099345708834
2.609999999999731,0.21068846602495253
1.8499999999997474,0.561600192116221
-6.6000000000000725,0.11420179936687516
-8.880000000000024,0.010942146861599389
7.769999999999619,0.08226873398893939
-8.650000000000029,0.10000575160682264
3.789999999999706,-0.10314710987539166
8.34999999999961,0.055126139097975514
4.039999999999701,-0.16208101106409403
3.1199999999997203,0.027179914905729234
-8.210000000000038,0.1356618995844155
-6.190000000000081,0.0799821389815152
-2.1000000000001684,0.34677569972353217
1.2899999999997593,0.8674503049143003
-1.4400000000001825,0.7448766252435126
-2.450000000000161,0.19987953401527525
5.619999999999667,0.00014335880592827865
4.409999999999693,-0.2703796593302432
6.02999999999966,0.006257787704625012
-4.930000000000108,-0.24197580006306152
-6.320000000000078,-0.10542221902527106
2.1799999999997404,0.28355639466364624
-5.220000000000102,-0.10070355981919514
-6.820000000000068,0.01028670282091751
6.339999999999652,0.04089799155342014
-7.270000000000058,0.14265245054020317
3.6699999999997086,-0.2073628178997538
-0.6500000000001993,0.965503606041503
-0.3700000000002053,0.9345360571638905
0.6299999999997734,0.9190397228679851
2.9799999999997233,-0.03506919828641779
-3.300000000000143,-0.127163297796684
-9.10000000000002,0.02455047561122812
-8.690000000000028,0.15212156823508288
8.099999999999614,0.10424007881201926
-5.3200000000001,-0.10001234396659507
-0.3500000000002057,0.9594658514851063
-8.220000000000038,0.10568568463877924
4.359999999999694,-0.23947768518108847
3.3399999999997156,-6.500398263196983e-05
-9.250000000000016,0.03121931974519293
-1.510000000000181,0.6827236092474631
-7.810000000000047,0.04851496387563162
-2.5700000000001584,0.18032964069936036
6.999999999999638,0.06919378223801684
-9.400000000000013,0.11079987637887928
-1.230000000000187,0.6338854799549238
1.9099999999997461,0.5444449798440792
-0.9900000000001921,0.753593359003707
2.329999999999737,0.44752827052553085
-3.1800000000001454,0.04528102455933923
-2.1316282072803006e-13,0.9372537019715045
-1.980000000000171,0.3779230349550762
-7.780000000000047,0.15196993928810318
1.5499999999997538,0.6588834131165346
-1.3900000000001835,0.6548440471080559
5.889999999999661,-0.09385995379869584
-1.8300000000001742,0.5558630625870734
7.35999999999963,0.17788693612585346
5.449999999999671,-0.0541647614364148
-1.9600000000001714,0.3972889248727186
0.01999999999978641,1.0178293710475765
-9.54000000000001,0.019999404325657832
-7.030000000000063,0.02172006218491236
-8.640000000000029,0.08051641813528322
0.7999999999997698,0.8416269847613865
-6.750000000000069,0.07898829979113216
1.1499999999997623,0.8355098623992822
-8.830000000000025,0.014507191315095036
-2.920000000000151,0.1353322031355149
-5.870000000000088,-0.15719588332103593
6.739999999999643,0.19258824484255155
0.2599999999997813,0.9526134225709156
9.089999999999591,0.03368779754427187
1.7099999999997504,0.509734178233967
-7.280000000000058,0.09105798346596232
2.289999999999738,0.3752636893809029
-3.0900000000001473,0.05957999297482422
7.009999999999636,0.06379627773039838
-7.3500000000000565,0.2209137132892407
-4.870000000000109,-0.30484681010816356
4.459999999999692,-0.226988247478015
7.309999999999633,0.1747452378280822
2.2599999999997387,0.2794670384566885
9.399999999999586,0.011202365759315906
7.589999999999627,0.051159820565850916
-8.57000000000003,0.07167095723943043
4.4699999999996916,-0.26193041320234006
5.189999999999676,-0.17862139524666215
-6.210000000000081,-0.037911010822170056
-8.12000000000004,0.17633960684425012
-7.470000000000054,0.11715545071357893
9.809999999999576,-0.0880454673512327
2.6799999999997297,0.2923908104219422
8.7799999999996,0.03976997841599849
-6.540000000000074,-0.006330256253809584
1.9499999999997453,0.6006521482112156
8.20999999999961,0.0024838934925038025
1.2799999999997596,0.6353348874727875
-1.0200000000001914,0.8664910538175655
-2.03000000000017,0.44333967305189964
-7.460000000000054,0.02645599380009747
-4.070000000000126,-0.23664409451170285
3.689999999999708,-0.1789520375863215
-6.71000000000007,0.12479478091439478
-6.810000000000068,0.006420213820799492
4.099999999999699,-0.19889260942068732
-4.970000000000107,-0.2010103777357827
-5.000000000000107,-0.1565466001919114
9.229999999999592,0.015768259216872655
-4.150000000000125,-0.1757799272773911
6.929999999999637,0.1115361802072471
8.25999999999961,0.11602655504733059
-6.490000000000075,0.06627612526538201
-9.830000000000004,0.040627051661470875
8.989999999999597,0.09274012979193294
-3.010000000000149,0.03743433063776209
9.839999999999577,-0.004056099897498049
1.3399999999997583,0.7302263745297004
8.559999999999604,0.26798128053003206
9.459999999999585,-0.015279913498724821
1.8399999999997476,0.4767762595012963
4.569999999999689,-0.10763273598286761
-9.810000000000004,0.014924383605906352
4.809999999999684,-0.21590222673505147
0.8499999999997687,0.8744956874278134
3.6399999999997092,-0.10951408119905091
-2.0000000000001705,0.27127760476666973
-4.120000000000125,-0.23200584636100213
5.049999999999679,-0.12670698682136564
4.449999999999692,-0.18758213903577875
0.5599999999997749,1.1393847548927432
8.969999999999594,-0.01872575521368352
4.699999999999687,-0.18221552747573433
0.3899999999997785,1.0585193807731819
-1.8600000000001735,0.4960513488481733
2.5899999999997316,0.18245325754757366
-8.470000000000033,0.16473278293694943
-3.860000000000131,-0.1611042686781081
4.1899999999996975,-0.2017487200213644
8.939999999999596,0.0667966446394831
3.7099999999997078,-0.03734102536883781
-0.7200000000001978,0.9035982233763444
3.419999999999714,0.13132088044854967
3.1099999999997205,0.025390619305738264
8.109999999999616,0.13211032441864123
2.909999999999725,0.12776820407099038
8.929999999999595,0.09393091208700693
-5.430000000000097,-0.03661207052672766
-5.950000000000086,-0.0918497600424801
-2.9300000000001507,0.06551026086687411
-6.030000000000085,-0.14545720288412337
6.409999999999648,0.07558078323305764
2.3499999999997367,0.21280547918127313
2.579999999999732,0.24287098092028891
5.289999999999674,-0.04968248199224784
-1.6400000000001782,0.7021832186708138
-4.790000000000111,-0.2916893522938544
9.389999999999588,-0.03820346169063511
-8.58000000000003,0.0673925357127578
2.3999999999997357,0.3093365762542213
-3.2100000000001447,-0.00527711480318592
8.439999999999607,0.1146979697721451
8.679999999999602,0.08267001956348566
5.169999999999677,-0.12109459682193568
5.339999999999673,-0.17911620569531742
6.569999999999645,-0.04160018122861004
-8.60000000000003,0.05237194633224119
7.83999999999962,0.13379538398599566
-0.4200000000002042,1.0526002212635197
7.369999999999628,0.03895886424540007
-0.6400000000001995,0.9829637293314777
4.0699999999997,-0.24477959692811388
3.2399999999997178,-0.06241099162745295
-9.310000000000015,-0.0918946272550155
-6.360000000000078,-0.023731258809940085
-1.09000000000019,0.8801064535859885
8.509999999999607,-0.005575172520580707
7.949999999999619,0.0328070226289677
-5.810000000000089,-0.16636195498390324
4.929999999999682,-0.2829900972568101
5.979999999999659,-0.023864298540676093
0.979999999999766,0.9599550752951637
7.989999999999618,0.18229790682697913
3.1499999999997197,0.01688773513794902
-2.8400000000001526,-0.014060837879669677
-0.15000000000020997,1.0106264827951914
1.72999999999975,0.6124994402870061
1.4999999999997549,0.7637376097685766
0.19999999999978257,0.9154339968376279
-7.480000000000054,0.00837121975077608
-3.060000000000148,0.14125153385677577
6.719999999999644,0.14313003872937355
0.9399999999997668,0.9484905236967407
-4.610000000000115,-0.2872097230633557
-7.990000000000043,0.1650330494843225
9.709999999999582,0.010988012405346099
6.9699999999996365,0.1302647258757821
-4.780000000000111,-0.07267686065651852
-3.470000000000139,-0.04715383307828267
-7.620000000000051,0.17906529952576886
9.269999999999591,-0.06695151945512684
1.9799999999997446,0.40952652589737215
-0.900000000000194,0.791671560453271
-3.3700000000001413,-0.11436493339159177
2.5999999999997314,0.061379784006367344
-9.610000000000008,-0.0070143992714736016
-5.9400000000000865,-0.07833011154511622
6.529999999999646,0.029617793263934142
-3.8400000000001313,-0.08635653224311059
-5.3800000000000985,-0.13762289837576627
4.209999999999697,-0.2640022088667412
0.29999999999978044,1.1410229440280375
-0.6800000000001987,0.8800445653930532
0.5899999999997743,0.8997064105746704
-4.950000000000108,-0.19302721937356815
-0.04000000000021231,1.076325129652962
4.119999999999699,-0.14755980077560532
-1.6600000000001778,0.6482996930724121
3.60999999999971,-0.09814008826314119
5.46999999999967,-0.20529106179611367
-9.380000000000013,0.09304165239230949
-2.630000000000157,0.0802879691106006
-2.580000000000158,0.2888969337433396
-4.570000000000116,-0.0709059288395266
-0.9700000000001925,0.8046825722244251
1.069999999999764,0.8369740633177547
-1.4900000000001814,0.668262605587997
-6.900000000000066,0.020936024583837726
4.179999999999698,-0.35687869645232584
-0.6900000000001985,1.0048772487295836
5.229999999999675,-0.142794608239094
9.359999999999587,-0.02178389597382115
-5.230000000000102,-0.1511372705968673
5.789999999999663,-0.1733308183123067
3.7599999999997067,-0.10250291260553562
2.4499999999997346,0.18173328533383734
1.5199999999997544,0.6293485808076628
9.669999999999582,0.014400424727873496
0.8699999999997683,0.9225040757957597
4.979999999999681,-0.14353388180872384
9.969999999999573,0.005419901226804372
5.669999999999666,-0.11586322988507193
5.389999999999672,-0.13205465537664657
8.179999999999612,0.044988980620302974
9.769999999999577,-0.04759763161644872
-0.23000000000020826,0.9684672083875409
7.979999999999617,0.09401588396653118
-7.220000000000059,0.034311766996646356
-0.24000000000020805,0.9042384794546691
-1.1200000000001893,0.8037542606309712
9.489999999999583,-0.07920222616080284
8.369999999999607,0.0846235674318593
9.60999999999958,0.06447297223775753
-3.0800000000001475,-0.05942733135130452
-8.070000000000041,0.17629330375413324
5.869999999999662,-0.04320106619108253
6.059999999999658,0.08201675675357636
0.5199999999997758,1.0262451754722786
-3.050000000000148,0.07212951629542955
-5.650000000000093,-0.1340811126447556
-0.9600000000001927,0.9847930190770187
4.739999999999686,-0.35316448676707607
8.24999999999961,0.29874853316164374
7.869999999999621,0.19482465233160728
2.6299999999997308,0.12482432168083546
-2.250000000000165,0.32192835013094645
5.8799999999996615,-0.10917627515573844
-8.480000000000032,0.07500427403855023
0.039999999999785985,0.9347871957510114
3.6799999999997084,-0.17112664053683993
-6.610000000000072,-0.04793349479082622
-1.3100000000001852,0.7280097277967483
-1.9200000000001722,0.4143829723677067
-8.290000000000036,0.07427274773338034
-1.2800000000001859,0.8255824029743992
0.7199999999997715,0.9568415112792888
-3.6000000000001364,-0.2492647809553702
-7.140000000000061,-0.0016383254805619474
5.95999999999966,-0.11116010403902897
-9.190000000000017,-0.09791127431785732
0.4199999999997779,0.9750302985930182
4.789999999999685,-0.02611466038742935
-5.150000000000103,-0.11047634453889099
-7.730000000000048,0.17119997976217327
9.139999999999592,0.14892490117650214
5.359999999999673,-0.03115719926494448
5.379999999999672,-0.11527007822467798
9.71999999999958,0.035251073190614636
8.079999999999615,0.03313400599433791
-5.210000000000102,-0.23032974854504656
5.069999999999679,-0.1635573697056141
-5.020000000000106,-0.22876036499576782
6.32999999999965,0.1332362085946655
-2.350000000000163,0.335846255089814
-6.440000000000076,0.034025884808099
4.779999999999685,-0.18031073532128097
-5.560000000000095,-0.12317316134414895
5.659999999999666,-0.1793755671324746
7.049999999999635,0.05571810842748273
-2.390000000000162,0.23111332565363255
-6.7400000000000695,0.1920614761065529
4.53999999999969,-0.262736609496485
1.7899999999997487,0.5258971048170383
0.8399999999997689,0.8681732271472904
-4.84000000000011,-0.09897764102161126
1.1399999999997625,0.7546354962191865
3.089999999999721,0.0711551439015109
-8.980000000000022,-0.025660847462084947
-4.510000000000117,-0.227122152860262
8.239999999999611,0.20958259932516088
-0.570000000000201,0.9455357440884218
-9.51000000000001,0.09077761871990192
-6.620000000000072,0.018116543265811677
-3.8900000000001302,-0.19585306581955855
7.859999999999619,0.17875792109434857
-7.290000000000058,0.11045983513825257
-4.670000000000114,-0.2624353420674996
-6.300000000000079,-0.017438625546869008
6.39999999999965,0.06969371244501454
5.2699999999996745,-0.1587015749539566
1.1799999999997617,0.6386174327357849
-1.9700000000001712,0.43734911419522043
-7.000000000000064,0.15073125978820778
0.45999999999977703,0.9339559281253196
-1.0100000000001916,0.8219437097263188
-8.940000000000023,0.12151046987085373
1.399999999999757,0.6995225355114207
2.7399999999997284,0.04143178896426247
-5.130000000000104,-0.2778519280121875
-0.8100000000001959,0.833573476759964
3.8699999999997043,-0.14937040338870472
-8.490000000000032,0.10297678866194354
-7.520000000000053,0.23133181667906139
3.2099999999997184,0.06960700381052548
3.799999999999706,-0.309427231847749
6.589999999999648,0.027879191565924402
-5.920000000000087,-0.16429190991916487
-4.200000000000124,-0.25119982630649884
6.129999999999654,0.015172427807085647
4.959999999999681,-0.1161785643903354
-0.7900000000001963,0.8910821233360384
-4.180000000000124,-0.3277253943868936
-6.180000000000081,-0.06320677280356687
3.369999999999715,-0.07022052943871632
2.139999999999741,0.3603626313606376
-9.06000000000002,-0.048588510295668325
-1.8500000000001737,0.5922215120360117
-0.47000000000020314,0.9763594038792864
5.999999999999659,0.029430198289012117
0.3999999999997783,1.0562425365997943
-8.820000000000025,0.031433005782628726
-0.1900000000002091,0.9268318643776767
6.9499999999996405,0.15029730368352412
-5.260000000000101,-0.18844685607522807
5.809999999999663,-0.10740708731019868
1.8099999999997483,0.5725915845663266
-9.000000000000021,0.08842024849744218
-8.010000000000042,0.013377856455091527
-1.8200000000001744,0.42680153069142246
7.28999999999963,0.18034077784794234
1.8999999999997463,0.49096718521248134
4.619999999999688,-0.2539267480177445
-6.72000000000007,0.04342398689717429
0.4099999999997781,0.9216033297684351
-3.200000000000145,-0.10551659657959411
-5.840000000000089,-0.03243705655532485
-3.7900000000001324,-0.26848719742063787
-5.3300000000000995,-0.1658786863736315
-8.230000000000038,0.09246512426048843
0.8899999999997679,0.8993034028242963
8.879999999999598,0.01613477718323115
8.309999999999611,0.03851893122027959
-7.17000000000006,0.0359787263245446
-6.980000000000064,0.13808038948170595
-5.5200000000000955,-0.1788741333250744
-6.8800000000000665,0.11531769789319989
-6.840000000000067,-0.07444206502988576
1.25999999999976,0.8269249164171695
-8.330000000000036,0.06338850147834302
5.48999999999967,-0.009570219255274626
5.799999999999663,-0.06241989278893667
-8.11000000000004,0.1688819934633597
5.139999999999677,-0.20870172743827697
-1.130000000000189,0.8294447219458937
6.639999999999645,0.0003854214799465655
-1.4800000000001816,0.48900159646923025
-2.3200000000001637,0.2541109476821215
-1.6300000000001784,0.7358861822182365
4.52999999999969,-0.213265702627627
-5.960000000000086,-0.05602733496081621
3.4999999999997122,0.082208287499995
-5.78000000000009,-0.12735299578270326
0.4699999999997768,0.9855335525048853
-1.3800000000001837,0.8147964056729452
-7.120000000000061,0.09273897674339864
-2.1400000000001675,0.472256654782673
-5.860000000000088,0.03810845674451811
1.6999999999997506,0.6168980969404682
8.819999999999599,0.006375778525922381
-6.910000000000066,0.12162175503372832
-8.870000000000024,0.13272661260423568
-6.160000000000082,0.051974407304607534
9.119999999999592,0.08286236750659394
-8.300000000000036,0.07694166688052709
-4.7700000000001115,-0.21776849134195625
5.149999999999677,-0.23365267625072794
8.979999999999595,0.18578516507261061
-7.6300000000000505,0.09646539272970622
-3.520000000000138,-0.07157260346954497
8.169999999999611,0.0834690044205661
-0.7500000000001972,0.9926938783243027
-0.2700000000002074,1.1121470547262469
-5.400000000000098,-0.053436285986949106
-9.210000000000017,0.07832628805707073
-6.860000000000067,0.1766673186327144
-5.880000000000088,0.01624959956541823
9.049999999999592,0.010602972193714831
-2.260000000000165,0.4000211608865149
5.119999999999678,-0.23398709536268558
9.319999999999588,-0.027347849083026645
-1.320000000000185,0.6134527249238221
4.869999999999683,-0.18650828053886798
-9.230000000000016,-0.05079986187455449
3.7699999999997065,-0.17852871493902653
2.099999999999742,0.5322884769578551
-4.740000000000112,-0.15782075643914303
-4.140000000000125,-0.11167014269574725
-8.250000000000037,0.12426724814918871
-0.6600000000001991,0.9173011591620018
3.4899999999997124,0.057998146542401416
5.429999999999671,-0.24390421146914176
4.029999999999701,-0.29002543644942386
9.78999999999958,0.010905502278732777
4.579999999999689,-0.22864843273777957
7.129999999999633,0.1778795694358125
-3.2300000000001443,-0.03106255623256021
5.01999999999968,-0.19682058903304092
2.9699999999997235,0.06638118176813947
-0.7300000000001976,0.8761836713874429
-8.770000000000026,0.1182361004306406
5.839999999999662,-0.11592525287544504
4.439999999999692,-0.26221968131040374
4.629999999999688,-0.14682864585062994
-9.52000000000001,-0.00911072489940236
-4.330000000000121,-0.2715056381853049
-9.440000000000012,-0.03701698186922305
-8.61000000000003,0.1581592441249326
1.3799999999997574,0.73835576067138
7.549999999999628,0.2941656620591364
-8.440000000000033,0.161584347253044
4.909999999999682,-0.1700556003740442
-4.000000000000128,-0.1208086592465444
2.569999999999732,0.2137964457175382
3.9099999999997035,-0.032608217335112405
-2.310000000000164,0.3961141624287629
-7.380000000000056,0.12351448613612685
-4.1100000000001256,-0.154565719098645
7.2299999999996345,0.13055919417724324
6.669999999999646,0.06072905450380255
7.299999999999631,0.15897528862569307
2.999999999999723,-0.04941448952209242
-9.200000000000017,0.08274782623742921
-6.4100000000000765,0.10961240874986163
3.3999999999997144,-0.07331985806748025
5.059999999999679,-0.2394706281531087
